,A painting of a house under a mountain with a moon in the sky.,A painting of a man in a yellow shirt standing in an ice cave with a mountain range in the background.,A painting of a mountain landscape with a statue in the foreground.,A painting of a mountainous landscape with two figures standing on a cliff.,The painting depicts a historical Russian Orthodox church with a large dome and a tall bell tower.
A painting of a house under a mountain with a moon in the sky.,0.37412720918655396,0.23754721879959106,0.33137446641921997,0.27752742171287537,0.1516234129667282
A painting of a man in a yellow shirt standing in an ice cave with a mountain range in the background.,0.2750793695449829,0.36081019043922424,0.3042498826980591,0.3185107111930847,0.06663452088832855
A painting of a man sitting next to a rock with a mountain in the background.,0.4474921226501465,0.3936585783958435,0.5200686454772949,0.41340556740760803,0.13184265792369843
A painting of a mountain landscape with a statue in the foreground.,0.5035936236381531,0.43710193037986755,0.5910524725914001,0.4530026912689209,0.13846834003925323
A painting of a mountainous landscape with two figures standing on a cliff.,0.41397812962532043,0.3979010581970215,0.5087616443634033,0.5049904584884644,0.1371561884880066
Mountain with a castle on it.,0.39048171043395996,0.31767189502716064,0.4075084328651428,0.42670124769210815,0.1401667594909668
Painting of blue water with boats and people on the shore.,0.4174617528915405,0.31037676334381104,0.38901734352111816,0.3693247139453888,0.267289936542511
Painting of purple mountains with a valley in the middle.,0.4557202458381653,0.29117220640182495,0.37828847765922546,0.2666800022125244,0.12376462668180466
Painting of two people on a mountain with purple mountains in the background.,0.4625421166419983,0.3566240072250366,0.46864989399909973,0.4007498621940613,0.19667205214500427
The painting depicts a historical Russian Orthodox church with a large dome and a tall bell tower.,0.1304665505886078,0.08569654822349548,0.05396253988146782,0.07576774060726166,0.564081072807312
Three large banners with images of Buddha and other deities are hung up in a desert.,0.07489778101444244,0.04651419445872307,0.04887203127145767,0.03956523537635803,0.10802619159221649
Two people on a mountaintop.,0.3191245198249817,0.17246152460575104,0.25194668769836426,0.282516211271286,0.17467162013053894
