,a bearded man in black sitting at a desk,a black haired woman dressed in white,a black vase of red flowers in the red background,a duck,a family having dinner,a forest with 3 tall trees standing out,a forest with a cabin in the middle,a forest with houses in front,a house with some trees with people standing on the grass,a man in black tuxedo standing,a man with moustache in a black suit,"a mother, a daughter and a son",a pot of flowers near the closed window in the back,a red haired woman in a green dress,a statue of a man head,bald men in black sitting in a dark room,forest with white tree barks,multiple jars of flowers,people socializing downtown,some trees with a pond in the background
a bearded man in black sitting at a desk,0.7274966239929199,0.5154533982276917,0.3887484073638916,0.35236304998397827,0.4731440246105194,0.36723554134368896,0.32207387685775757,0.43176746368408203,0.3671337962150574,0.4100329875946045,0.6609376668930054,0.47612273693084717,0.496491014957428,0.4360729455947876,0.491757869720459,0.440464586019516,0.4080677628517151,0.324007123708725,0.37377041578292847,0.43870991468429565
a black haired woman dressed in white,0.574507474899292,0.6596688032150269,0.47571519017219543,0.398478239774704,0.5887499451637268,0.41864481568336487,0.3661211133003235,0.5060091018676758,0.42900002002716064,0.4658156931400299,0.590418815612793,0.6650208234786987,0.606025218963623,0.6314241886138916,0.49966704845428467,0.4507458209991455,0.4968148171901703,0.4202973246574402,0.4669201374053955,0.5306230783462524
a black vase of red flowers in the red background,0.4806228280067444,0.5884910821914673,0.6635713577270508,0.4118000268936157,0.5524295568466187,0.49869298934936523,0.40903016924858093,0.5306863784790039,0.43769413232803345,0.4562751054763794,0.43154552578926086,0.6293471455574036,0.6981834173202515,0.5665765404701233,0.484725683927536,0.44215086102485657,0.5822951793670654,0.5943406224250793,0.453413724899292,0.5646774768829346
a duck,0.45691901445388794,0.45128345489501953,0.5108318328857422,0.5704689621925354,0.442120224237442,0.5231387615203857,0.41881704330444336,0.563488245010376,0.4296960234642029,0.49696651101112366,0.5222612023353577,0.5060912370681763,0.4402303099632263,0.5430625677108765,0.534747838973999,0.46624377369880676,0.6262452602386475,0.41838279366493225,0.4307712912559509,0.5793862342834473
a family having dinner,0.5034218430519104,0.5162813663482666,0.4402206540107727,0.43809735774993896,0.7181088924407959,0.4504321217536926,0.45583510398864746,0.6199895739555359,0.413655549287796,0.41913509368896484,0.4996378421783447,0.6419578790664673,0.5485343933105469,0.47390252351760864,0.4747711420059204,0.5203486680984497,0.5301292538642883,0.4447118639945984,0.5132753849029541,0.5514235496520996
a forest with 3 tall trees standing out,0.5426763296127319,0.5972506403923035,0.620827317237854,0.606661319732666,0.6437421441078186,0.7220807671546936,0.661109447479248,0.7278982400894165,0.546133279800415,0.5728945732116699,0.505583643913269,0.6408212184906006,0.7253292798995972,0.6281965970993042,0.5496911406517029,0.4940248131752014,0.7760697603225708,0.6159594058990479,0.6383205652236938,0.8352153897285461
a forest with a cabin in the middle,0.5232491493225098,0.5852696299552917,0.4895803928375244,0.45971620082855225,0.6215598583221436,0.6387040615081787,0.6595810651779175,0.7004812955856323,0.504741907119751,0.4235434830188751,0.45248323678970337,0.6188645958900452,0.6940910816192627,0.5499423742294312,0.4719843864440918,0.4332777261734009,0.6464917659759521,0.4778810441493988,0.5304153561592102,0.7062211036682129
a forest with houses in front,0.5186212062835693,0.4914858043193817,0.4141256809234619,0.3571755886077881,0.5447874069213867,0.5679227113723755,0.5671721696853638,0.6820207834243774,0.4660147428512573,0.33489513397216797,0.43750810623168945,0.553398847579956,0.6162168383598328,0.4725869297981262,0.41342616081237793,0.37022653222084045,0.5532846450805664,0.4123290777206421,0.4385607838630676,0.6285115480422974
a house with some trees with people standing on the grass,0.509159505367279,0.5348129868507385,0.468871533870697,0.38568955659866333,0.6169231534004211,0.5265819430351257,0.4926377236843109,0.63311368227005,0.576015830039978,0.41086825728416443,0.44810307025909424,0.6048440933227539,0.6442480087280273,0.552805483341217,0.43267565965652466,0.432284414768219,0.5124003887176514,0.41793203353881836,0.5142185688018799,0.6253935098648071
a man in black tuxedo standing,0.6726531982421875,0.5666831731796265,0.4639474153518677,0.38832563161849976,0.5043498873710632,0.40832677483558655,0.3686477541923523,0.47170549631118774,0.40808117389678955,0.5006566643714905,0.7640447616577148,0.5342199802398682,0.5245603322982788,0.5261729955673218,0.5909501314163208,0.47938019037246704,0.46090972423553467,0.37709930539131165,0.40335845947265625,0.4956524074077606
a man with moustache in a black suit,0.6790948510169983,0.5183613896369934,0.38093751668930054,0.3592522144317627,0.45761752128601074,0.3556361198425293,0.3190322816371918,0.42563849687576294,0.38969650864601135,0.44248244166374207,0.6919549703598022,0.47197625041007996,0.46424755454063416,0.4910625219345093,0.6004924178123474,0.4566311538219452,0.4042395353317261,0.3255482614040375,0.3975949287414551,0.44575631618499756
"a mother, a daughter and a son",0.558879554271698,0.6034685373306274,0.5461907982826233,0.4333389699459076,0.7374677658081055,0.4715152978897095,0.4486914873123169,0.5661738514900208,0.45342591404914856,0.5082105398178101,0.5111628770828247,0.7441807389259338,0.6592291593551636,0.5589555501937866,0.4985296428203583,0.5307842493057251,0.5267049670219421,0.4614793062210083,0.5164840221405029,0.5787544250488281
a pot of flowers near the closed window in the back,0.4275026023387909,0.5977546572685242,0.6659814715385437,0.45413193106651306,0.6451801061630249,0.4773904085159302,0.4637909531593323,0.5716690421104431,0.4256584644317627,0.47259804606437683,0.4160609841346741,0.6100817918777466,0.7708967924118042,0.589932918548584,0.46430543065071106,0.44263654947280884,0.5983045697212219,0.6161361932754517,0.5295766592025757,0.6159671545028687
a red haired woman in a green dress,0.49872079491615295,0.6101451516151428,0.547400951385498,0.46047812700271606,0.6052494049072266,0.4572650194168091,0.3923225402832031,0.5234397649765015,0.4542660117149353,0.5217344760894775,0.5863047242164612,0.6287979483604431,0.5938599705696106,0.6624597311019897,0.6185938119888306,0.5087491869926453,0.5314205288887024,0.4763566553592682,0.48390907049179077,0.5787733793258667
a statue of a man head,0.6862528920173645,0.4999508857727051,0.4328234791755676,0.39844220876693726,0.4275842010974884,0.4276730418205261,0.3644562065601349,0.4719865918159485,0.3365321457386017,0.44913649559020996,0.5575511455535889,0.5513864755630493,0.45643138885498047,0.45173460245132446,0.6766495108604431,0.5018803477287292,0.5172022581100464,0.3892839252948761,0.4231099486351013,0.5222182273864746
bald men in black sitting in a dark room,0.6455405950546265,0.479606568813324,0.4329088628292084,0.3830993175506592,0.5748833417892456,0.40410515666007996,0.35231393575668335,0.47925519943237305,0.43786507844924927,0.45058953762054443,0.5666987895965576,0.5930194854736328,0.5116943717002869,0.45205140113830566,0.5433682203292847,0.5937646627426147,0.4620650112628937,0.3540550470352173,0.42048829793930054,0.5169286727905273
forest with white tree barks,0.44826868176460266,0.5953735113143921,0.6101148724555969,0.5639505982398987,0.630661129951477,0.7006726861000061,0.6444933414459229,0.7065674066543579,0.5309593677520752,0.5514267086982727,0.41310518980026245,0.6161882281303406,0.6947036981582642,0.5997108221054077,0.4579293131828308,0.4498137831687927,0.7946508526802063,0.6236032843589783,0.6598309278488159,0.787190318107605
multiple jars of flowers,0.4763409495353699,0.579534649848938,0.7162023782730103,0.45777827501296997,0.6100396513938904,0.5492182970046997,0.45929938554763794,0.6041346788406372,0.5100252628326416,0.551455020904541,0.47053059935569763,0.6433664560317993,0.7479407787322998,0.5998882055282593,0.5179792642593384,0.5079771876335144,0.6465392112731934,0.6575499773025513,0.5608794093132019,0.6414183378219604
people socializing downtown,0.5043988823890686,0.4444243907928467,0.39205774664878845,0.4044426679611206,0.5937459468841553,0.43742334842681885,0.3984956443309784,0.5728472471237183,0.4122045934200287,0.3957144618034363,0.45997679233551025,0.606827974319458,0.5334604978561401,0.43655532598495483,0.4432956576347351,0.4398135840892792,0.4841376841068268,0.40166452527046204,0.5495173335075378,0.5671374797821045
some trees with a pond in the background,0.5496326684951782,0.5599075555801392,0.5434636473655701,0.5289359092712402,0.5647318363189697,0.6564255952835083,0.5606299638748169,0.7181516885757446,0.5174983143806458,0.4946442246437073,0.49775147438049316,0.6240731477737427,0.6321604251861572,0.5716512203216553,0.4965864419937134,0.4658876657485962,0.7225080728530884,0.5208976864814758,0.5569123029708862,0.7808488607406616
