image,prompt,artist,genre
0.jpg,Painting of snow covered mountains with a blue sky.,nicholas-roerich,landscape
1.jpg,Mountains with lights in front.,nicholas-roerich,landscape
2.jpg,"The image depicts a landscape featuring two prominent mountains in the background. The mountains are depicted in shades of purple and pink, with the one on the left appearing slightly larger and more defined. The sky above the mountains is a gradient of light purple and yellow, indicating a sunset or sunrise. The foreground features a series of smaller mountains, also in shades of purple and pink, with the largest",nicholas-roerich,landscape
3.jpg,Mountain range with snow on it.,nicholas-roerich,landscape
4.jpg,Mountain with trees and clouds.,nicholas-roerich,landscape
5.jpg,White mountain with blue clouds.,nicholas-roerich,landscape
6.jpg,Mountains with a sky.,nicholas-roerich,landscape
7.jpg,Painted rocks on a mountain.,nicholas-roerich,landscape
8.jpg,Painting of purple mountains with a valley in the middle.,nicholas-roerich,landscape
9.jpg,Painting of blue mountains with white snow on top.,nicholas-roerich,landscape
10.jpg,Abstract painting of clouds.,nicholas-roerich,landscape
11.jpg,Mountain range with snow on top.,nicholas-roerich,landscape
12.jpg,Painting of a white church on a hill.,nicholas-roerich,landscape
13.jpg,Painting of red rock formations in snow.,nicholas-roerich,landscape
14.jpg,Painting of a mountain and castle with water in front.,nicholas-roerich,landscape
15.jpg,Mountain with blue sky and water below.,nicholas-roerich,landscape
16.jpg,Painting of snow-covered mountain range with blue sky.,nicholas-roerich,landscape
17.jpg,Abstract painting with brown and purple colors.,nicholas-roerich,landscape
18.jpg,Painting of mountains and moon.,nicholas-roerich,landscape
19.jpg,Painting of blue canyon with white clouds.,nicholas-roerich,landscape
20.jpg,Mountain with a castle on it.,nicholas-roerich,landscape
21.jpg,Mountains with clouds.,nicholas-roerich,landscape
22.jpg,Painting of mountains with a person in the foreground.,nicholas-roerich,landscape
23.jpg,A painting of a mountain with a face on it.,nicholas-roerich,landscape
24.jpg,A painting of a large stone structure on a hilltop overlooking a mountainous landscape.,nicholas-roerich,landscape
25.jpg,The painting depicts a mountainous landscape with a city nestled on a steep slope.,nicholas-roerich,landscape
26.jpg,Mountain range with white snow on peaks.,nicholas-roerich,landscape
27.jpg,Painting of a mountain landscape with a castle in the middle.,nicholas-roerich,landscape
28.jpg,Mountain range in blue.,nicholas-roerich,landscape
29.jpg,Painting of purple and pink mountains.,nicholas-roerich,landscape
30.jpg,The painting depicts a medieval castle with soldiers and weapons.,nicholas-roerich,genre_painting
31.jpg,A man is standing on the ground with a city in the background.,nicholas-roerich,sketch_and_study
32.jpg,Mountain range.,nicholas-roerich,sketch_and_study
33.jpg,Purple boat on blue water with purple mountains.,nicholas-roerich,genre_painting
34.jpg,A sketch of a person and flowers.,nicholas-roerich,sketch_and_study
35.jpg,A man looking out at a mountain range from a cave.,nicholas-roerich,landscape_people
36.jpg,Jesus stands in a canyon with a skull on the left.,nicholas-roerich,religious_painting
37.jpg,Red mountain with a red face in the middle.,nicholas-roerich,religious_painting
38.jpg,Painting of a mountain range with a man and a bear on a hill.,nicholas-roerich,genre_painting
39.jpg,People on cliff overlooking water with mountains in background.,nicholas-roerich,landscape_people
40.jpg,A painting of a woman in a blue robe with a halo and stars in the background.,nicholas-roerich,religious_painting
41.jpg,A man sits on a rock in front of a mountain range.,nicholas-roerich,genre_painting
42.jpg,A man riding a horse is in front of a wall.,nicholas-roerich,genre_painting
43.jpg,Painting of a man and a woman sitting on a hill with mountains in the background.,nicholas-roerich,religious_painting
44.jpg,A painting of a mountain landscape with a statue in the foreground.,nicholas-roerich,religious_painting
45.jpg,Three large banners with images of Buddha and other deities are hung up in a desert.,nicholas-roerich,genre_painting
46.jpg,The painting depicts a historical Russian Orthodox church with a large dome and a tall bell tower.,nicholas-roerich,cityscape
47.jpg,Large stone fortress on a mountain.,nicholas-roerich,cityscape
48.jpg,Mountain with a lion on top.,nicholas-roerich,religious_painting
49.jpg,Man with beard and hat on top of him.,nicholas-roerich,portrait
50.jpg,Painting of a cityscape with a large open book in the foreground.,nicholas-roerich,religious_painting
51.jpg,A rough sketch of a landscape.,nicholas-roerich,sketch_and_study
52.jpg,Blue and yellow mountains.,nicholas-roerich,sketch_and_study
53.jpg,A drawing of a candle and a cannon.,nicholas-roerich,sketch_and_study
54.jpg,Painting of two people on a mountain with purple mountains in the background.,nicholas-roerich,religious_painting
55.jpg,A painting of a mountain landscape with a figure in front of a cave.,nicholas-roerich,genre_painting
56.jpg,Painting of two people sitting on a rock overlooking a mountain range.,nicholas-roerich,landscape_people
57.jpg,A painting of a person standing next to a skull.,nicholas-roerich,religious_painting
58.jpg,A sketch of five figures.,nicholas-roerich,sketch_and_study
59.jpg,Two men on horses look out over a desert landscape.,nicholas-roerich,genre_painting
60.jpg,A painting of a mountainous landscape with two figures standing on a cliff.,nicholas-roerich,religious_painting
61.jpg,Sculpture of two faces on a rock in front of a mountain range.,nicholas-roerich,religious_painting
62.jpg,A painting of a dark hallway with a few people in it.,nicholas-roerich,landscape_people
63.jpg,Mountain scene with a castle on top.,nicholas-roerich,genre_painting
64.jpg,A painting of a man in a yellow shirt standing in an ice cave with a mountain range in the background.,nicholas-roerich,genre_painting
65.jpg,A painting of a city with a lot of buildings and a lot of people in the sky.,nicholas-roerich,religious_painting
66.jpg,A sketch of a mountain.,nicholas-roerich,sketch_and_study
67.jpg,A sketch of trees.,nicholas-roerich,sketch_and_study
68.jpg,Two people on a mountaintop.,nicholas-roerich,genre_painting
69.jpg,A painting of a house under a mountain with a moon in the sky.,nicholas-roerich,genre_painting
70.jpg,A blue and purple painting of a cityscape with a starry night sky.,nicholas-roerich,cityscape
71.jpg,A painting of a waterfall in a mountain setting with several red figures.,nicholas-roerich,genre_painting
72.jpg,A castle is on a cliff and there are soldiers in front of it.,nicholas-roerich,genre_painting
73.jpg,"The image depicts a scene from a historical painting, likely depicting a significant event or a religious ceremony. The central figure is a man dressed in elaborate robes, possibly a religious or political leader, seated on a raised platform. He is surrounded by other individuals, who appear to be engaged in a discussion or debate, with one figure standing in front of him. The background includes architectural elements,",nicholas-roerich,people
74.jpg,A man riding a camel in front of purple mountains.,nicholas-roerich,genre_painting
75.jpg,"The image depicts a scene of a man being held by another man, with a large body of water and a castle in the background. The man being held is positioned on a rocky hill, while the other man is standing on the same hill. The sky is a vibrant pink color, and the moon is visible in the upper right corner.",nicholas-roerich,landscape_people
76.jpg,A sketch of a mountain with a man on it.,nicholas-roerich,sketch_and_study
77.jpg,A sketch of a person.,nicholas-roerich,sketch_and_study
78.jpg,Painting of blue water with boats and people on the shore.,nicholas-roerich,landscape_people
79.jpg,A painting of people falling from a cliff.,nicholas-roerich,sketch_and_study
80.jpg,A painting of a woman sitting on a rock in front of a mountain range.,nicholas-roerich,landscape_people
81.jpg,"Two people, one holding a gun and the other sitting.",nicholas-roerich,sketch_and_study
82.jpg,A man sits on a rock in front of a body of water with mountains in the background.,nicholas-roerich,genre_painting
83.jpg,A painting of a church with two people in front of it.,nicholas-roerich,cityscape
84.jpg,Ancient looking building.,nicholas-roerich,cityscape
85.jpg,Woman meditating on snowy mountain top with large snow capped mountains in the background.,nicholas-roerich,genre_painting
86.jpg,Painting of a Buddha sitting in a cave with stalactites and stalagmites.,nicholas-roerich,religious_painting
87.jpg,Black and white drawing of a mountain.,nicholas-roerich,sketch_and_study
88.jpg,"The image depicts a scene of a large army, likely engaged in a battle or a significant event, with a prominent focus on the use of flags and the setting. The background is dominated by a gradient sky, transitioning from a deep blue at the top to a bright yellow at the bottom, suggesting a natural light source. The foreground features a series of soldiers, each wearing red armor and",nicholas-roerich,landscape_people
89.jpg,Two cartoon characters play a flute in front of a mountain range.,nicholas-roerich,religious_painting
90.jpg,A painting of a man playing a flute with a group of animals in front of him.,nicholas-roerich,landscape_people
91.jpg,A painting of a man sitting next to a rock with a mountain in the background.,nicholas-roerich,religious_painting
92.jpg,A pencil drawing of a mountain.,nicholas-roerich,sketch_and_study
93.jpg,Painting of people in snow with blue and purple background.,nicholas-roerich,genre_painting
94.jpg,Painting of a man standing on a rocky shore looking out to the sea.,nicholas-roerich,genre_painting
95.jpg,A man sits on a hill in front of a mountain range.,nicholas-roerich,genre_painting
96.jpg,Painting of a dark-skinned person with yellow hair and red and green clothing with a blue background and a mountain range.,nicholas-roerich,religious_painting
97.jpg,Painting of two people in a boat on a lake with mountains in the background.,nicholas-roerich,religious_painting
98.jpg,A sketch of a person in front of mountains.,nicholas-roerich,sketch_and_study
99.jpg,Angel with a flag in front of a burning city.,nicholas-roerich,religious_painting
100.jpg,"The image depicts a night scene with a full moon in the sky. The sky is filled with clouds, and two figures are standing on a stone structure, possibly a ruin, looking out at the night.",nicholas-roerich,genre_painting
101.jpg,A black and white drawing of a person sitting on a rock.,nicholas-roerich,genre_painting
102.jpg,A painting of a woman in a white dress with a cross on her chest and a cape with a pattern of small crosses on it.,nicholas-roerich,religious_painting
103.jpg,Painting of a mountain range with a person on the side.,nicholas-roerich,sketch_and_study
104.jpg,A pencil drawing of trees on a cliff.,nicholas-roerich,sketch_and_study
105.jpg,A painting of a group of people in traditional dress in front of a lake and mountains.,nicholas-roerich,people
