image,prompt,genre
25.jpg,The painting depicts a mountainous landscape with a city nestled on a steep slope.,landscape
17.jpg,Abstract painting with brown and purple colors.,landscape
30.jpg,The painting depicts a medieval castle with soldiers and weapons.,genre_painting
95.jpg,A man sits on a hill in front of a mountain range.,genre_painting
37.jpg,Red mountain with a red face in the middle.,religious_painting
90.jpg,A painting of a man playing a flute with a group of animals in front of him.,landscape_people
85.jpg,Woman meditating on snowy mountain top with large snow capped mountains in the background.,genre_painting
100.jpg,"The image depicts a night scene with a full moon in the sky. The sky is filled with clouds, and two figures are standing on a stone structure, possibly a ruin, looking out at the night.",genre_painting
29.jpg,Painting of purple and pink mountains.,landscape
22.jpg,Painting of mountains with a person in the foreground.,landscape
43.jpg,Painting of a man and a woman sitting on a hill with mountains in the background.,religious_painting
62.jpg,A painting of a dark hallway with a few people in it.,landscape_people
40.jpg,A painting of a woman in a blue robe with a halo and stars in the background.,religious_painting
70.jpg,A blue and purple painting of a cityscape with a starry night sky.,cityscape
36.jpg,Jesus stands in a canyon with a skull on the left.,religious_painting
74.jpg,A man riding a camel in front of purple mountains.,genre_painting
88.jpg,"The image depicts a scene of a large army, likely engaged in a battle or a significant event, with a prominent focus on the use of flags and the setting. The background is dominated by a gradient sky, transitioning from a deep blue at the top to a bright yellow at the bottom, suggesting a natural light source. The foreground features a series of soldiers, each wearing red armor and",landscape_people
42.jpg,A man riding a horse is in front of a wall.,genre_painting
63.jpg,Mountain scene with a castle on top.,genre_painting
48.jpg,Mountain with a lion on top.,religious_painting
7.jpg,Painted rocks on a mountain.,landscape
56.jpg,Painting of two people sitting on a rock overlooking a mountain range.,landscape_people
84.jpg,Ancient looking building.,cityscape
50.jpg,Painting of a cityscape with a large open book in the foreground.,religious_painting
57.jpg,A painting of a person standing next to a skull.,religious_painting
86.jpg,Painting of a Buddha sitting in a cave with stalactites and stalagmites.,religious_painting
14.jpg,Painting of a mountain and castle with water in front.,landscape
65.jpg,A painting of a city with a lot of buildings and a lot of people in the sky.,religious_painting
55.jpg,A painting of a mountain landscape with a figure in front of a cave.,genre_painting
4.jpg,Mountain with trees and clouds.,landscape
99.jpg,Angel with a flag in front of a burning city.,religious_painting
82.jpg,A man sits on a rock in front of a body of water with mountains in the background.,genre_painting
75.jpg,"The image depicts a scene of a man being held by another man, with a large body of water and a castle in the background. The man being held is positioned on a rocky hill, while the other man is standing on the same hill. The sky is a vibrant pink color, and the moon is visible in the upper right corner.",landscape_people
72.jpg,A castle is on a cliff and there are soldiers in front of it.,genre_painting
